Date,Open,High,Low,Close,Volume,Ticker
2025-01-02,67.5199966430664,74.33999633789062,67.5199966430664,74.05000305175781,641100,LEU
2025-01-03,75.16000366210938,82.01000213623047,74.7699966430664,80.80000305175781,763200,LEU
2025-01-06,83.80000305175781,84.23999786376953,80.5,81.58000183105469,568300,LEU
2025-01-07,81.06999969482422,82.02999877929688,72.52999877929688,73.6500015258789,806400,LEU
2025-01-08,72.33000183105469,73.61000061035156,69.51000213623047,72.41999816894531,715500,LEU
2025-01-10,72.41999816894531,74.66000366210938,69.5,70.83000183105469,379000,LEU
2025-01-13,69.44999694824219,72.44000244140625,68.0999984741211,69.76000213623047,580300,LEU
2025-01-14,72.02999877929688,72.75,68.5999984741211,69.86000061035156,250000,LEU
2025-01-15,72.0,74.13999938964844,70.1500015258789,73.62000274658203,782100,LEU
2025-01-16,74.51000213623047,75.05000305175781,72.0199966430664,74.05999755859375,295400,LEU
2025-01-17,75.22000122070312,79.12000274658203,74.12999725341797,77.83000183105469,699600,LEU
2025-01-21,81.62999725341797,89.37999725341797,79.06999969482422,88.52999877929688,1369500,LEU
2025-01-22,94.38999938964844,94.38999938964844,88.63999938964844,90.80999755859375,1199400,LEU
2025-01-23,89.3499984741211,97.69999694824219,89.0,94.19999694824219,1111900,LEU
2025-01-24,97.9000015258789,99.56999969482422,91.30999755859375,92.0,883000,LEU
2025-01-27,83.5,84.2300033569336,76.5,78.19000244140625,1896400,LEU
2025-01-28,80.0,81.02999877929688,75.0,78.91999816894531,629200,LEU
2025-01-29,79.58000183105469,82.69999694824219,79.19999694824219,81.37999725341797,508400,LEU
2025-01-30,82.77999877929688,86.87999725341797,82.63999938964844,85.37999725341797,552700,LEU
2025-01-31,86.91000366210938,87.45999908447266,82.13999938964844,82.30000305175781,689900,LEU
2025-02-03,78.0,83.2300033569336,77.01000213623047,81.87000274658203,390200,LEU
2025-02-04,85.33000183105469,85.5999984741211,78.75,80.4000015258789,517100,LEU
2025-02-05,79.6500015258789,86.83000183105469,79.51000213623047,84.4000015258789,700100,LEU
2025-02-06,85.23999786376953,85.54000091552734,78.83999633789062,81.80999755859375,669500,LEU
2025-02-07,94.9000015258789,111.9000015258789,86.9000015258789,108.91000366210938,4301500,LEU
2025-02-10,107.0,119.41999816894531,104.5,114.38999938964844,1627800,LEU
2025-02-11,112.56999969482422,118.97000122070312,112.4000015258789,114.0,1123700,LEU
2025-02-12,113.37000274658203,122.94999694824219,113.0,118.70999908447266,1221100,LEU
2025-02-13,121.5,122.0,111.77999877929688,117.7699966430664,939000,LEU
2025-02-14,118.0,118.0,112.5,113.98999786376953,562700,LEU
2025-02-18,112.2300033569336,115.7699966430664,108.08000183105469,111.66000366210938,653300,LEU
2025-02-19,108.80999755859375,110.0,104.33999633789062,106.0,963200,LEU
2025-02-20,105.31999969482422,106.12999725341797,101.0,104.16000366210938,660100,LEU
2025-02-21,104.62000274658203,104.94999694824219,94.63999938964844,98.2699966430664,989700,LEU
2025-02-24,97.33000183105469,97.33000183105469,88.08999633789062,89.58000183105469,909400,LEU
2025-02-25,92.3499984741211,93.66999816894531,85.5,87.62999725341797,909400,LEU
2025-02-26,90.36000061035156,95.5,88.86000061035156,93.5,741200,LEU
2025-02-27,96.5,98.0,89.33000183105469,89.5199966430664,707000,LEU
2025-02-28,88.52999877929688,91.88999938964844,84.69999694824219,90.7300033569336,739000,LEU
2025-03-03,92.66000366210938,93.33000183105469,82.62000274658203,84.0,912700,LEU
2025-03-04,80.66000366210938,90.47000122070312,79.61000061035156,88.80000305175781,939800,LEU
2025-03-05,90.33999633789062,90.33999633789062,81.41000366210938,84.55999755859375,929000,LEU
2025-03-06,81.5,82.76000213623047,78.05000305175781,79.72000122070312,632500,LEU
2025-03-07,79.33999633789062,81.5,75.91999816894531,79.80999755859375,570200,LEU
2025-03-10,76.87999725341797,77.5,71.62999725341797,74.01000213623047,749600,LEU
2025-03-11,73.0,77.33999633789062,72.11000061035156,73.95999908447266,600300,LEU
2025-03-12,77.0,78.5999984741211,73.0999984741211,74.23999786376953,596600,LEU
2025-03-13,74.08000183105469,75.19999694824219,70.98999786376953,71.95999908447266,323800,LEU
2025-03-14,75.05000305175781,77.5999984741211,73.6500015258789,76.37999725341797,478900,LEU
2025-03-17,76.75,80.12000274658203,74.19999694824219,76.05000305175781,488900,LEU
2025-03-18,75.9000015258789,76.70999908447266,72.3499984741211,73.0999984741211,402900,LEU
2025-03-19,73.55999755859375,77.58000183105469,72.79000091552734,75.97000122070312,555300,LEU
2025-03-20,74.37000274658203,78.55999755859375,74.06999969482422,74.27999877929688,635900,LEU
2025-03-21,73.16000366210938,74.56999969482422,71.87999725341797,74.0199966430664,667300,LEU
2025-03-24,76.44999694824219,77.69999694824219,75.19999694824219,76.87000274658203,514400,LEU
2025-03-25,76.06999969482422,77.23999786376953,72.76000213623047,73.7300033569336,490400,LEU
2025-03-26,74.2300033569336,74.36000061035156,69.18000030517578,69.98999786376953,473700,LEU
2025-03-27,69.47000122070312,70.62999725341797,67.30999755859375,69.0999984741211,411000,LEU
2025-03-28,68.5,69.76000213623047,65.58000183105469,66.25,366800,LEU
2025-03-31,63.779998779296875,63.900001525878906,61.0099983215332,62.209999084472656,980400,LEU
2025-04-01,64.66000366210938,68.19000244140625,60.650001525878906,64.91000366210938,888600,LEU
2025-04-02,62.709999084472656,65.7699966430664,62.220001220703125,63.0099983215332,728600,LEU
2025-04-03,60.099998474121094,62.0,57.220001220703125,57.709999084472656,862900,LEU
2025-04-04,54.79999923706055,56.0,49.400001525878906,54.43000030517578,1243600,LEU
2025-04-07,50.75,63.400001525878906,50.0,58.560001373291016,1327900,LEU
2025-04-08,63.65999984741211,64.30000305175781,53.75,55.45000076293945,687400,LEU
2025-04-09,55.209999084472656,65.41999816894531,53.790000915527344,64.3499984741211,1298700,LEU
2025-04-10,62.34000015258789,63.130001068115234,58.810001373291016,60.380001068115234,617900,LEU
2025-04-11,60.459999084472656,64.69999694824219,59.86000061035156,64.33999633789062,522100,LEU
2025-04-14,67.18000030517578,67.18000030517578,61.40999984741211,64.87000274658203,613300,LEU
2025-04-15,64.38999938964844,66.13999938964844,62.16999816894531,63.65999984741211,378000,LEU
2025-04-16,62.29999923706055,68.37999725341797,62.099998474121094,65.1500015258789,634500,LEU
2025-04-17,65.47000122070312,68.2300033569336,65.47000122070312,67.26000213623047,441000,LEU
2025-04-21,67.12999725341797,67.12999725341797,60.52000045776367,62.630001068115234,564600,LEU
2025-04-22,64.01000213623047,65.79000091552734,63.0,65.2300033569336,300500,LEU
2025-04-23,67.61000061035156,68.87999725341797,65.93000030517578,67.2699966430664,413900,LEU
2025-04-24,67.37000274658203,69.58000183105469,67.37000274658203,68.75,388600,LEU
2025-04-25,67.4000015258789,70.66000366210938,67.2699966430664,69.55999755859375,232700,LEU
2025-04-28,72.0,72.52999877929688,67.69999694824219,70.37000274658203,277000,LEU
2025-04-29,70.0,71.25,68.48999786376953,70.95999908447266,226400,LEU
2025-04-30,67.69000244140625,69.83999633789062,66.37999725341797,69.29000091552734,300800,LEU
2025-05-01,70.87999725341797,72.05000305175781,69.5,71.08999633789062,324000,LEU
2025-05-02,72.43000030517578,74.52999877929688,72.0,73.41999816894531,341700,LEU
2025-05-05,73.38999938964844,73.87000274658203,71.0,71.66000366210938,330700,LEU
2025-05-06,70.43000030517578,75.55999755859375,70.43000030517578,74.45999908447266,474600,LEU
2025-05-07,76.0,76.0,71.52999877929688,72.5,693400,LEU
2025-05-08,80.75,89.9000015258789,80.44999694824219,88.45999908447266,1899800,LEU
2025-05-09,90.83999633789062,94.05999755859375,88.47000122070312,93.5999984741211,1266600,LEU
2025-05-12,99.8499984741211,101.52999877929688,92.0999984741211,94.70999908447266,1046000,LEU
2025-05-13,94.91000366210938,97.5,92.13999938964844,92.56999969482422,769300,LEU
2025-05-14,94.06999969482422,98.68000030517578,92.77999877929688,96.91999816894531,2138100,LEU
2025-05-15,95.16000366210938,96.52999877929688,91.62999725341797,96.30999755859375,626700,LEU
2025-05-16,96.38999938964844,97.48999786376953,94.0,95.75,566100,LEU
2025-05-19,93.36000061035156,95.54000091552734,90.25,95.19999694824219,466800,LEU
2025-05-20,96.4800033569336,97.0,92.98999786376953,95.08999633789062,357100,LEU
2025-05-21,93.69999694824219,98.70999908447266,92.83999633789062,93.33999633789062,839300,LEU
2025-05-22,92.91000366210938,94.76000213623047,90.83000183105469,93.16999816894531,576700,LEU
2025-05-23,111.75,118.2699966430664,100.5,113.29000091552734,4260200,LEU
2025-05-27,115.80999755859375,129.1199951171875,115.80999755859375,127.86000061035156,3199400,LEU
2025-05-28,130.5500030517578,136.0,126.5,127.73999786376953,2487700,LEU
2025-05-29,129.60000610351562,130.0,122.38999938964844,123.5,1252100,LEU
2025-05-30,118.0,128.69000244140625,117.63999938964844,126.91999816894531,1169300,LEU
2025-06-02,125.04000091552734,127.98999786376953,123.26000213623047,124.58000183105469,771700,LEU
2025-06-03,135.47000122070312,139.0,130.2100067138672,131.4499969482422,1905100,LEU
2025-06-04,133.99000549316406,142.69000244140625,128.17999267578125,141.0,1903200,LEU
2025-06-05,144.3800048828125,146.8300018310547,130.80999755859375,136.33999633789062,1869400,LEU
2025-06-06,136.97999572753906,143.64999389648438,133.0,143.11000061035156,995700,LEU
2025-06-09,149.33999633789062,152.72000122070312,144.14999389648438,146.0800018310547,1263500,LEU
2025-06-10,147.58999633789062,149.38999938964844,140.64999389648438,145.9199981689453,970100,LEU
2025-06-11,147.1199951171875,165.0,147.1199951171875,158.1300048828125,2092600,LEU
2025-06-12,155.9600067138672,160.55999755859375,154.0500030517578,158.44000244140625,692000,LEU
2025-06-13,153.9499969482422,165.25,152.16000366210938,162.24000549316406,1045600,LEU
2025-06-16,172.60000610351562,176.6199951171875,166.5,169.92999267578125,1303600,LEU
2025-06-17,175.0,176.47000122070312,168.5800018310547,173.02999877929688,1129400,LEU
2025-06-18,176.0,182.38999938964844,174.6300048828125,180.9600067138672,1101300,LEU
2025-06-20,193.19000244140625,211.30999755859375,188.47999572753906,190.0399932861328,2947300,LEU
2025-06-23,198.75999450683594,204.9499969482422,183.61000061035156,192.25,1892000,LEU
2025-06-24,198.10000610351562,203.4600067138672,184.8800048828125,192.17999267578125,1965400,LEU
2025-06-25,195.6999969482422,195.6999969482422,177.0,181.17999267578125,1639700,LEU
2025-06-26,163.4600067138672,184.0,151.0,174.9600067138672,2570300,LEU
2025-06-27,177.30999755859375,178.66000366210938,161.74000549316406,168.64999389648438,1712900,LEU
2025-06-30,168.9499969482422,184.42999267578125,163.30999755859375,183.17999267578125,1367000,LEU
2025-07-01,173.1699981689453,176.83999633789062,166.8000030517578,168.7100067138672,1055300,LEU
2025-07-02,167.88999938964844,176.8000030517578,164.91000366210938,176.4600067138672,853800,LEU
2025-07-03,174.58999633789062,177.4199981689453,170.9499969482422,175.64999389648438,462100,LEU
2025-07-07,174.0,186.22999572753906,167.25999450683594,183.64999389648438,1050600,LEU
2025-07-08,185.5,188.5,171.13999938964844,173.85000610351562,1087300,LEU
2025-07-09,180.14999389648438,180.14999389648438,172.05999755859375,179.3699951171875,476000,LEU
2025-07-10,182.91000366210938,197.97999572753906,178.0,197.4600067138672,1517200,LEU
2025-07-11,192.5,206.9600067138672,192.0,206.39999389648438,1244900,LEU
2025-07-14,204.0,217.0,199.22999572753906,216.27000427246094,1015000,LEU
2025-07-15,219.33999633789062,221.0,208.0,215.25999450683594,1119800,LEU
2025-07-16,216.0,229.49000549316406,210.27999877929688,227.25999450683594,1217900,LEU
2025-07-17,228.3000030517578,235.82000732421875,225.39999389648438,233.88999938964844,1052000,LEU
2025-07-18,239.0,249.4199981689453,234.9499969482422,249.33999633789062,1219600,LEU
2025-07-21,249.66000366210938,250.8800048828125,222.22000122070312,224.0,1929000,LEU
2025-07-22,219.4499969482422,225.24000549316406,208.0,215.8300018310547,1350200,LEU
2025-07-23,221.5,233.89999389648438,218.0,229.50999450683594,1454100,LEU
2025-07-24,235.0,246.58999633789062,232.72999572753906,242.3300018310547,1084100,LEU
2025-07-25,245.0,246.0,239.0,241.0,747700,LEU
2025-07-28,246.0,246.1199951171875,227.57000732421875,239.39999389648438,821700,LEU
2025-07-29,239.6300048828125,242.0,222.89999389648438,224.0800018310547,1127600,LEU
2025-07-30,217.0,233.8699951171875,216.0,225.19000244140625,1003800,LEU
2025-07-31,225.16000366210938,227.24000549316406,213.0,215.39999389648438,1073000,LEU
2025-08-01,201.22000122070312,214.2100067138672,192.94000244140625,208.3300018310547,1299000,LEU
2025-08-04,212.0,212.0,198.60000610351562,210.0500030517578,1065100,LEU
2025-08-05,212.7899932861328,218.9600067138672,206.1199951171875,213.8000030517578,1086100,LEU
2025-08-06,237.0,264.8999938964844,230.10000610351562,232.38999938964844,2838200,LEU
2025-08-07,235.0,237.8300018310547,222.22000122070312,234.94000244140625,1528400,LEU
2025-08-08,230.16000366210938,246.0,217.02000427246094,223.14999389648438,1282800,LEU
2025-08-11,219.77000427246094,225.0,211.0,219.10000610351562,774700,LEU
2025-08-12,216.0,229.9600067138672,215.0,217.3699951171875,1028100,LEU
2025-08-13,200.99000549316406,201.8000030517578,183.3300018310547,187.44000244140625,5105500,LEU
2025-08-14,188.61000061035156,192.64999389648438,182.47000122070312,189.0800018310547,2849800,LEU
2025-08-15,187.0,187.55999755859375,177.0500030517578,183.41000366210938,1666500,LEU
2025-08-18,181.88999938964844,182.25,175.2100067138672,177.57000732421875,1075200,LEU
2025-08-19,178.7100067138672,179.0,164.75999450683594,166.5800018310547,1368200,LEU
2025-08-20,168.0,177.6699981689453,162.10000610351562,175.99000549316406,1543400,LEU
2025-08-21,177.07000732421875,179.94000244140625,173.82000732421875,177.27999877929688,833900,LEU
2025-08-22,178.92999267578125,191.99000549316406,174.32000732421875,186.47000122070312,1713600,LEU
2025-08-25,192.0,193.10000610351562,184.41000366210938,185.27999877929688,978600,LEU
2025-08-26,194.25,211.52000427246094,192.16000366210938,208.6699981689453,2440500,LEU
2025-08-27,205.58999633789062,210.47999572753906,197.67999267578125,198.2899932861328,1394600,LEU
2025-08-28,206.05999755859375,215.2899932861328,202.0,209.3800048828125,1529800,LEU
2025-08-29,211.69000244140625,212.0,195.0,201.72999572753906,1440300,LEU
2025-09-02,192.47000122070312,205.0,186.5,203.88999938964844,956100,LEU
2025-09-03,207.5,209.9499969482422,197.8800048828125,201.5399932861328,1061700,LEU
2025-09-04,202.0,205.8800048828125,198.05999755859375,199.00999450683594,619600,LEU
2025-09-05,201.0,205.39999389648438,191.67999267578125,205.38999938964844,928400,LEU
2025-09-08,205.5,208.22000122070312,198.1999969482422,204.67999267578125,767700,LEU
2025-09-09,205.0,223.97999572753906,202.44000244140625,217.89999389648438,1521700,LEU
2025-09-10,221.52999877929688,225.5,215.75999450683594,219.3000030517578,884200,LEU
2025-09-11,218.0,232.6699981689453,214.0,224.32000732421875,1182100,LEU
2025-09-12,220.3300018310547,228.0,219.89999389648438,222.1300048828125,663200,LEU
2025-09-15,222.6999969482422,243.8000030517578,220.1300048828125,243.47999572753906,1491600,LEU
2025-09-16,243.0,243.24000549316406,226.42999267578125,233.6199951171875,1311400,LEU
2025-09-17,233.0,235.0,221.22999572753906,230.14999389648438,950800,LEU
2025-09-18,236.02000427246094,264.8800048828125,231.6199951171875,262.6499938964844,1886100,LEU
2025-09-19,260.0,301.57000732421875,260.0,294.489990234375,3395600,LEU
2025-09-22,296.8800048828125,312.5400085449219,282.55999755859375,306.2200012207031,1943700,LEU
2025-09-23,310.0,312.0,295.04998779296875,302.5899963378906,1287500,LEU
2025-09-24,303.489990234375,304.9700012207031,276.0,276.0,1618000,LEU
2025-09-25,265.25,318.0799865722656,261.55999755859375,312.19000244140625,2995300,LEU
2025-09-26,316.1499938964844,338.0,297.0,305.3500061035156,1763800,LEU
2025-09-29,316.70001220703125,322.0,299.4599914550781,315.6199951171875,1350400,LEU
2025-09-30,307.989990234375,320.760009765625,306.0,310.07000732421875,1056800,LEU
2025-10-01,303.989990234375,334.7799987792969,303.5799865722656,331.1099853515625,1124800,LEU
2025-10-02,339.9700012207031,350.0299987792969,325.5,349.0899963378906,1005800,LEU
2025-10-03,351.5,360.1400146484375,334.04998779296875,343.489990234375,1077000,LEU
2025-10-06,348.9599914550781,361.3699951171875,339.0,356.2799987792969,977300,LEU
2025-10-07,357.8999938964844,388.6199951171875,357.0,370.07000732421875,1303200,LEU
2025-10-08,378.8800048828125,386.0,359.010009765625,364.2200012207031,1266700,LEU
2025-10-09,367.1199951171875,389.4100036621094,362.9800109863281,371.0899963378906,1101200,LEU
2025-10-10,380.9800109863281,423.239990234375,362.6499938964844,363.7099914550781,2618500,LEU
2025-10-13,414.760009765625,430.0,387.04998779296875,400.739990234375,1944300,LEU
2025-10-14,387.0,415.1300048828125,370.0,396.1600036621094,1373700,LEU
2025-10-15,430.0,460.5,412.1600036621094,436.0,2025900,LEU
2025-10-16,454.0,464.25,406.010009765625,415.42999267578125,2058200,LEU
2025-10-17,398.67999267578125,411.510009765625,365.6400146484375,380.17999267578125,2461100,LEU
2025-10-20,400.0,408.989990234375,372.6000061035156,399.8699951171875,1452000,LEU
2025-10-21,385.0,395.0,367.7699890136719,377.010009765625,1063400,LEU
2025-10-22,351.2300109863281,365.0,293.82000732421875,314.8299865722656,3387000,LEU
2025-10-23,320.0,349.9599914550781,308.0,344.2300109863281,1691000,LEU
2025-10-24,364.3299865722656,388.0,354.0,383.0,1539600,LEU
2025-10-27,391.1499938964844,391.79998779296875,350.6000061035156,359.7300109863281,1540100,LEU
2025-10-28,374.0,382.2699890136719,354.1000061035156,363.70001220703125,1227800,LEU
2025-01-02,2.5,2.7899999618530273,2.450000047683716,2.630000114440918,10396100,ONDS
2025-01-03,3.2300000190734863,3.4000000953674316,2.759999990463257,2.799999952316284,37322500,ONDS
2025-01-06,3.049999952316284,3.130000114440918,2.630000114440918,2.690000057220459,15491300,ONDS
2025-01-07,2.690000057220459,2.759000062942505,2.4000000953674316,2.6500000953674316,8343400,ONDS
2025-01-08,2.7200000286102295,2.7300000190734863,2.0899999141693115,2.5399999618530273,20144700,ONDS
2025-01-10,2.390000104904175,2.4600000381469727,2.200000047683716,2.240000009536743,6276300,ONDS
2025-01-13,2.049999952316284,2.190000057220459,1.8200000524520874,1.8799999952316284,8172000,ONDS
2025-01-14,1.899999976158142,2.130000114440918,1.899999976158142,1.9900000095367432,4833800,ONDS
2025-01-15,2.059999942779541,2.257999897003174,1.9989999532699585,2.2100000381469727,5071700,ONDS
2025-01-16,2.2699999809265137,2.2699999809265137,2.005000114440918,2.200000047683716,3917800,ONDS
2025-01-17,2.200000047683716,2.200000047683716,2.0199999809265137,2.069999933242798,3928200,ONDS
2025-01-21,2.0999999046325684,2.140000104904175,1.940000057220459,2.009999990463257,4724600,ONDS
2025-01-22,2.069999933242798,2.4600000381469727,1.9900000095367432,2.369999885559082,7804200,ONDS
2025-01-23,2.1700000762939453,2.299999952316284,2.0999999046325684,2.109999895095825,4018200,ONDS
2025-01-24,2.059999942779541,2.2100000381469727,1.9800000190734863,2.0399999618530273,4373100,ONDS
2025-01-27,1.8899999856948853,2.0,1.8300000429153442,1.940000057220459,3832400,ONDS
2025-01-28,1.9299999475479126,1.9900000095367432,1.809999942779541,1.809999942779541,2620000,ONDS
2025-01-29,1.7400000095367432,1.809999942779541,1.6399999856948853,1.7100000381469727,3883500,ONDS
2025-01-30,1.7400000095367432,1.7699999809265137,1.6799999475479126,1.690000057220459,2346000,ONDS
2025-01-31,1.690000057220459,1.8350000381469727,1.6649999618530273,1.75,3078000,ONDS
2025-02-03,1.6100000143051147,1.6790000200271606,1.5,1.600000023841858,2885700,ONDS
2025-02-04,1.6200000047683716,1.7000000476837158,1.6200000047683716,1.690000057220459,1712900,ONDS
2025-02-05,1.7200000286102295,1.7200000286102295,1.6100000143051147,1.6399999856948853,2152600,ONDS
2025-02-06,1.6799999475479126,1.850000023841858,1.6799999475479126,1.7599999904632568,2754300,ONDS
2025-02-07,1.7799999713897705,1.9199999570846558,1.7599999904632568,1.909999966621399,3689900,ONDS
2025-02-10,2.0,2.119999885559082,1.8209999799728394,2.0999999046325684,5051700,ONDS
2025-02-11,2.049999952316284,2.2300000190734863,2.0,2.0999999046325684,5501000,ONDS
2025-02-12,2.0299999713897705,2.140000104904175,1.9299999475479126,1.940000057220459,4053600,ONDS
2025-02-13,1.940000057220459,1.9500000476837158,1.840000033378601,1.9199999570846558,1972800,ONDS
2025-02-14,1.899999976158142,1.968999981880188,1.8049999475479126,1.8300000429153442,1961800,ONDS
2025-02-18,1.8350000381469727,1.940000057220459,1.6100000143051147,1.649999976158142,3484500,ONDS
2025-02-19,1.6399999856948853,1.6799999475479126,1.399999976158142,1.4299999475479126,5038100,ONDS
2025-02-20,1.3899999856948853,1.4600000381469727,1.3250000476837158,1.3899999856948853,2375800,ONDS
2025-02-21,1.399999976158142,1.4500000476837158,1.2400000095367432,1.25,2586600,ONDS
2025-02-24,1.25,1.2599999904632568,1.100000023841858,1.100000023841858,3109900,ONDS
2025-02-25,1.1699999570846558,1.2100000381469727,1.0,1.0399999618530273,4790100,ONDS
2025-02-26,1.059999942779541,1.1399999856948853,1.0299999713897705,1.0800000429153442,2300400,ONDS
2025-02-27,1.0800000429153442,1.1299999952316284,0.9700000286102295,0.9700000286102295,1932800,ONDS
2025-02-28,0.9470000267028809,1.0219999551773071,0.9160000085830688,0.984000027179718,1851900,ONDS
2025-03-03,0.9940000176429749,1.0,0.8389999866485596,0.8519999980926514,2791800,ONDS
2025-03-04,0.800000011920929,0.9359999895095825,0.7889999747276306,0.8709999918937683,2542000,ONDS
2025-03-05,0.8690000176429749,0.902999997138977,0.8299999833106995,0.8880000114440918,1323900,ONDS
2025-03-06,0.8669999837875366,0.8989999890327454,0.800000011920929,0.8050000071525574,1486900,ONDS
2025-03-07,0.828000009059906,0.8299999833106995,0.7509999871253967,0.8090000152587891,2417500,ONDS
2025-03-10,0.800000011920929,0.8100000023841858,0.6850000023841858,0.7269999980926514,3059200,ONDS
2025-03-11,1.1799999475479126,1.1799999475479126,0.6809999942779541,0.7239999771118164,104014700,ONDS
2025-03-12,0.6899999976158142,0.7070000171661377,0.5699999928474426,0.6970000267028809,22566300,ONDS
2025-03-13,0.6700000166893005,0.7179999947547913,0.6499999761581421,0.6769999861717224,8211700,ONDS
2025-03-14,0.6620000004768372,0.7400000095367432,0.6499999761581421,0.7379999756813049,6426900,ONDS
2025-03-17,0.7239999771118164,0.7910000085830688,0.7239999771118164,0.7739999890327454,5713300,ONDS
2025-03-18,0.7760000228881836,0.7960000038146973,0.7200000286102295,0.7450000047683716,2430600,ONDS
2025-03-19,0.7300000190734863,0.765999972820282,0.7210000157356262,0.7580000162124634,2230500,ONDS
2025-03-20,0.7450000047683716,0.7570000290870667,0.6800000071525574,0.6899999976158142,2517600,ONDS
2025-03-21,0.6800000071525574,0.7200000286102295,0.6800000071525574,0.699999988079071,1467300,ONDS
2025-03-24,0.7099999785423279,0.8199999928474426,0.6909999847412109,0.8119999766349792,9963900,ONDS
2025-03-25,0.8550000190734863,0.8999999761581421,0.7950000166893005,0.8859999775886536,8523500,ONDS
2025-03-26,0.8999999761581421,0.9729999899864197,0.8090000152587891,0.8450000286102295,7788300,ONDS
2025-03-27,0.8410000205039978,1.0099999904632568,0.8330000042915344,1.0,10619500,ONDS
2025-03-28,1.0,1.1399999856948853,0.8899999856948853,1.1200000047683716,16871500,ONDS
2025-03-31,1.0499999523162842,1.25,0.890999972820282,1.0700000524520874,28188300,ONDS
2025-04-01,1.149999976158142,1.149999976158142,1.0099999904632568,1.100000023841858,14836300,ONDS
2025-04-02,1.0399999618530273,1.1299999952316284,0.9900000095367432,1.1100000143051147,7917600,ONDS
2025-04-03,1.0199999809265137,1.0700000524520874,0.8600000143051147,0.8989999890327454,12366900,ONDS
2025-04-04,0.8799999952316284,0.9679999947547913,0.8339999914169312,0.9210000038146973,8010000,ONDS
2025-04-07,0.8600000143051147,0.9900000095367432,0.8169999718666077,0.8600000143051147,5534800,ONDS
2025-04-08,0.8809999823570251,0.8999999761581421,0.7200000286102295,0.75,7639800,ONDS
2025-04-09,0.7300000190734863,0.8399999737739563,0.6589999794960022,0.8299999833106995,13336700,ONDS
2025-04-10,0.8119999766349792,0.8199999928474426,0.7139999866485596,0.7749999761581421,4690800,ONDS
2025-04-11,0.7850000262260437,0.8299999833106995,0.75,0.8140000104904175,4343800,ONDS
2025-04-14,0.9200000166893005,0.9649999737739563,0.8550000190734863,0.9139999747276306,13336700,ONDS
2025-04-15,0.9259999990463257,0.9390000104904175,0.8500000238418579,0.8740000128746033,7549200,ONDS
2025-04-16,0.8399999737739563,0.8790000081062317,0.8149999976158142,0.8640000224113464,4399600,ONDS
2025-04-17,0.8820000290870667,0.9190000295639038,0.8510000109672546,0.8880000114440918,4492500,ONDS
2025-04-21,0.8500000238418579,0.8700000047683716,0.7710000276565552,0.7979999780654907,4411800,ONDS
2025-04-22,0.8199999928474426,0.8299999833106995,0.7699999809265137,0.8199999928474426,5087800,ONDS
2025-04-23,0.8730000257492065,0.8999999761581421,0.8309999704360962,0.8420000076293945,4594300,ONDS
2025-04-24,0.8600000143051147,0.8790000081062317,0.7829999923706055,0.8009999990463257,6499100,ONDS
2025-04-25,0.7900000214576721,0.8159999847412109,0.6899999976158142,0.7149999737739563,10753600,ONDS
2025-04-28,0.75,0.7789999842643738,0.7279999852180481,0.7509999871253967,5364800,ONDS
2025-04-29,0.7599999904632568,0.8289999961853027,0.7310000061988831,0.8069999814033508,5670400,ONDS
2025-04-30,0.7599999904632568,0.7889999747276306,0.7350000143051147,0.7770000100135803,3395600,ONDS
2025-05-01,0.7799999713897705,0.8330000042915344,0.7720000147819519,0.7889999747276306,4499400,ONDS
2025-05-02,0.8100000023841858,0.8539999723434448,0.7889999747276306,0.8190000057220459,5630300,ONDS
2025-05-05,0.7900000214576721,0.7990000247955322,0.7599999904632568,0.7639999985694885,3695200,ONDS
2025-05-06,0.7789999842643738,0.7789999842643738,0.7350000143051147,0.7570000290870667,3145000,ONDS
2025-05-07,0.75,0.7620000243186951,0.7310000061988831,0.7540000081062317,2261600,ONDS
2025-05-08,0.753000020980835,0.7990000247955322,0.7319999933242798,0.7910000085830688,4742400,ONDS
2025-05-09,0.7929999828338623,0.7960000038146973,0.7620000243186951,0.7649999856948853,3193100,ONDS
2025-05-12,0.7699999809265137,0.8389999866485596,0.7599999904632568,0.8299999833106995,6682200,ONDS
2025-05-13,0.8100000023841858,0.8859999775886536,0.8069999814033508,0.8640000224113464,7082300,ONDS
2025-05-14,0.9200000166893005,0.9200000166893005,0.843999981880188,0.8759999871253967,7950200,ONDS
2025-05-15,0.8489999771118164,0.8700000047683716,0.7599999904632568,0.8569999933242798,12705400,ONDS
2025-05-16,0.8569999933242798,0.9399999976158142,0.8399999737739563,0.9300000071525574,9434100,ONDS
2025-05-19,0.8880000114440918,1.0,0.8550000190734863,0.9789999723434448,12901400,ONDS
2025-05-20,1.0099999904632568,1.0499999523162842,0.9309999942779541,0.9430000185966492,10236500,ONDS
2025-05-21,0.949999988079071,0.996999979019165,0.828000009059906,0.8650000095367432,8820500,ONDS
2025-05-22,0.8500000238418579,0.9190000295639038,0.843999981880188,0.9089999794960022,4150600,ONDS
2025-05-23,0.8600000143051147,0.9599999785423279,0.8600000143051147,0.9269999861717224,5116400,ONDS
2025-05-27,0.9229999780654907,0.9539999961853027,0.8899999856948853,0.9419999718666077,5190200,ONDS
2025-05-28,0.9520000219345093,1.149999976158142,0.9319999814033508,1.0700000524520874,13061000,ONDS
2025-05-29,1.100000023841858,1.100000023841858,1.0,1.0700000524520874,7426000,ONDS
2025-05-30,1.0800000429153442,1.2300000190734863,1.0700000524520874,1.2200000286102295,17600700,ONDS
2025-06-02,1.350000023841858,1.5199999809265137,1.2599999904632568,1.4700000286102295,35215700,ONDS
2025-06-03,1.590000033378601,1.659999966621399,1.399999976158142,1.4199999570846558,31332400,ONDS
2025-06-04,1.4950000047683716,1.7899999618530273,1.4600000381469727,1.75,24423000,ONDS
2025-06-05,1.8849999904632568,1.8849999904632568,1.5,1.5800000429153442,30765200,ONDS
2025-06-06,1.659999966621399,1.8700000047683716,1.5800000429153442,1.7000000476837158,23804900,ONDS
2025-06-09,1.940000057220459,2.0450000762939453,1.6699999570846558,1.6799999475479126,43161800,ONDS
2025-06-10,1.4800000190734863,1.7000000476837158,1.4500000476837158,1.5199999809265137,32790800,ONDS
2025-06-11,1.600000023841858,1.600000023841858,1.399999976158142,1.4800000190734863,12197600,ONDS
2025-06-12,1.5299999713897705,1.75,1.5099999904632568,1.7100000381469727,20835900,ONDS
2025-06-13,1.7350000143051147,1.8700000047683716,1.659999966621399,1.8200000524520874,29549600,ONDS
2025-06-16,1.8450000286102295,1.899999976158142,1.6649999618530273,1.690000057220459,18985400,ONDS
2025-06-17,1.690000057220459,1.6990000009536743,1.5199999809265137,1.559999942779541,13661600,ONDS
2025-06-18,1.5700000524520874,1.6100000143051147,1.4600000381469727,1.5499999523162842,10932700,ONDS
2025-06-20,1.6299999952316284,1.6699999570846558,1.5199999809265137,1.5800000429153442,14369000,ONDS
2025-06-23,1.5800000429153442,1.5800000429153442,1.3600000143051147,1.4299999475479126,21290600,ONDS
2025-06-24,1.5399999618530273,1.600000023841858,1.465000033378601,1.590000033378601,14711400,ONDS
2025-06-25,1.7400000095367432,1.850000023841858,1.5499999523162842,1.600000023841858,39187100,ONDS
2025-06-26,1.6150000095367432,1.7899999618530273,1.5299999713897705,1.75,31484600,ONDS
2025-06-27,1.7599999904632568,1.909999966621399,1.690000057220459,1.8300000429153442,24201300,ONDS
2025-06-30,2.015000104904175,2.2899999618530273,1.909999966621399,1.9199999570846558,46230100,ONDS
2025-07-01,1.8899999856948853,1.9600000381469727,1.7999999523162842,1.9600000381469727,15210400,ONDS
2025-07-02,1.9199999570846558,1.9500000476837158,1.7999999523162842,1.8799999952316284,12112000,ONDS
2025-07-03,1.9199999570846558,2.015000104904175,1.8200000524520874,1.850000023841858,11619700,ONDS
2025-07-07,1.840000033378601,1.9700000286102295,1.7200000286102295,1.75,12527200,ONDS
2025-07-08,1.7799999713897705,1.8250000476837158,1.7100000381469727,1.7899999618530273,10509200,ONDS
2025-07-09,1.8799999952316284,1.9299999475479126,1.7949999570846558,1.840000033378601,18739600,ONDS
2025-07-10,1.850000023841858,2.049999952316284,1.7999999523162842,2.009999990463257,23516400,ONDS
2025-07-11,2.119999885559082,2.240000009536743,2.049999952316284,2.119999885559082,30779800,ONDS
2025-07-14,2.1649999618530273,2.450000047683716,2.119999885559082,2.309999942779541,35769800,ONDS
2025-07-15,2.325000047683716,2.3499999046325684,2.200000047683716,2.2899999618530273,14686600,ONDS
2025-07-16,2.2249999046325684,2.440000057220459,2.190000057220459,2.4000000953674316,21189700,ONDS
2025-07-17,2.4800000190734863,2.640000104904175,2.2799999713897705,2.4000000953674316,26646700,ONDS
2025-07-18,2.430000066757202,2.4800000190734863,2.190000057220459,2.2300000190734863,20672500,ONDS
2025-07-21,2.299999952316284,2.700000047683716,2.240000009536743,2.25,40600600,ONDS
2025-07-22,2.259999990463257,2.2699999809265137,2.0199999809265137,2.0999999046325684,20187600,ONDS
2025-07-23,2.134999990463257,2.200000047683716,2.049999952316284,2.180000066757202,10621700,ONDS
2025-07-24,2.190000057220459,2.3299999237060547,2.130000114440918,2.140000104904175,11637100,ONDS
2025-07-25,2.119999885559082,2.140000104904175,2.059999942779541,2.130000114440918,8347800,ONDS
2025-07-28,2.1500000953674316,2.200000047683716,1.9800000190734863,2.0,11429700,ONDS
2025-07-29,2.009999990463257,2.009999990463257,1.7799999713897705,1.8200000524520874,18967500,ONDS
2025-07-30,1.8650000095367432,2.140000104904175,1.850000023841858,2.069999933242798,27107700,ONDS
2025-07-31,2.1700000762939453,2.2200000286102295,2.0299999713897705,2.119999885559082,22804600,ONDS
2025-08-01,2.049999952316284,2.2699999809265137,2.009999990463257,2.200000047683716,23356200,ONDS
2025-08-04,2.2750000953674316,2.6700000762939453,2.25,2.6700000762939453,41381200,ONDS
2025-08-05,2.75,3.0899999141693115,2.6600000858306885,3.069999933242798,56284000,ONDS
2025-08-06,2.9800000190734863,3.369999885559082,2.9200000762939453,3.3299999237060547,36704600,ONDS
2025-08-07,3.4000000953674316,3.5,3.0850000381469727,3.25,34876200,ONDS
2025-08-08,3.4100000858306885,3.950000047683716,3.3949999809265137,3.549999952316284,41406300,ONDS
2025-08-11,3.609999895095825,3.759999990463257,3.309999942779541,3.430000066757202,26386900,ONDS
2025-08-12,3.940000057220459,4.389999866485596,3.859999895095825,4.289999961853027,71915200,ONDS
2025-08-13,3.4800000190734863,3.7899999618530273,3.440000057220459,3.5199999809265137,94894900,ONDS
2025-08-14,3.5,3.930000066757202,3.430000066757202,3.930000066757202,53138400,ONDS
2025-08-15,3.8299999237060547,4.230000019073486,3.744999885559082,3.859999895095825,48996000,ONDS
2025-08-18,3.9200000762939453,4.090000152587891,3.7249999046325684,4.010000228881836,33261900,ONDS
2025-08-19,4.139999866485596,4.329999923706055,3.559999942779541,3.5899999141693115,49180100,ONDS
2025-08-20,3.5999999046325684,3.6600000858306885,3.200000047683716,3.609999895095825,43915400,ONDS
2025-08-21,3.640000104904175,3.890000104904175,3.509999990463257,3.799999952316284,29854500,ONDS
2025-08-22,3.799999952316284,4.510000228881836,3.799999952316284,4.489999771118164,65687100,ONDS
2025-08-25,4.679999828338623,4.980000019073486,4.53000020980835,4.849999904632568,46896700,ONDS
2025-08-26,4.71999979019165,5.267000198364258,4.710000038146973,4.96999979019165,45928200,ONDS
2025-08-27,5.019999980926514,5.505000114440918,5.010000228881836,5.070000171661377,47846400,ONDS
2025-08-28,5.25,6.010000228881836,5.199999809265137,5.699999809265137,60658900,ONDS
2025-08-29,6.0,6.188000202178955,5.539999961853027,5.860000133514404,55680200,ONDS
2025-09-02,5.474999904632568,5.949999809265137,5.329999923706055,5.460000038146973,38115400,ONDS
2025-09-03,5.619999885559082,5.677999973297119,5.010000228881836,5.03000020980835,32311400,ONDS
2025-09-04,5.034999847412109,5.389999866485596,4.900000095367432,5.329999923706055,32980800,ONDS
2025-09-05,5.449999809265137,5.679999828338623,5.03000020980835,5.630000114440918,34703500,ONDS
2025-09-08,5.630000114440918,6.5,5.599999904632568,6.059999942779541,54462600,ONDS
2025-09-09,5.309999942779541,5.590000152587891,5.210000038146973,5.449999809265137,91793000,ONDS
2025-09-10,5.610000133514404,6.0,5.385000228881836,5.559999942779541,55210800,ONDS
2025-09-11,5.679999828338623,6.440000057220459,5.409999847412109,6.420000076293945,62323000,ONDS
2025-09-12,6.449999809265137,6.71999979019165,6.199999809265137,6.559999942779541,47214300,ONDS
2025-09-15,6.710000038146973,6.860000133514404,6.25,6.380000114440918,37226300,ONDS
2025-09-16,6.320000171661377,6.349999904632568,5.920000076293945,6.090000152587891,36544700,ONDS
2025-09-17,6.059999942779541,6.25,5.75,6.099999904632568,42246200,ONDS
2025-09-18,6.28000020980835,6.639999866485596,6.010000228881836,6.599999904632568,36806700,ONDS
2025-09-19,6.550000190734863,6.840000152587891,6.420000076293945,6.71999979019165,45026800,ONDS
2025-09-22,6.820000171661377,7.360000133514404,6.579999923706055,7.260000228881836,48685300,ONDS
2025-09-23,7.514999866485596,8.119999885559082,7.230000019073486,7.880000114440918,59734600,ONDS
2025-09-24,7.989999771118164,8.069999694824219,7.25,7.349999904632568,45668000,ONDS
2025-09-25,7.005000114440918,7.840000152587891,6.789999961853027,7.75,62131000,ONDS
2025-09-26,7.695000171661377,7.889999866485596,7.360000133514404,7.659999847412109,36510700,ONDS
2025-09-29,7.960000038146973,8.710000038146973,7.800000190734863,7.869999885559082,68637300,ONDS
2025-09-30,7.929999828338623,8.170000076293945,7.570000171661377,7.71999979019165,41886000,ONDS
2025-10-01,7.75,7.949999809265137,7.179999828338623,7.309999942779541,40181900,ONDS
2025-10-02,7.800000190734863,9.34000015258789,7.659999847412109,9.210000038146973,103739100,ONDS
2025-10-03,9.510000228881836,10.279999732971191,9.1899995803833,9.90999984741211,72854000,ONDS
2025-10-06,10.5600004196167,11.630000114440918,10.270000457763672,10.65999984741211,82293100,ONDS
2025-10-07,11.0,11.545000076293945,10.449999809265137,11.09000015258789,56849500,ONDS
2025-10-08,11.265000343322754,11.699999809265137,10.713000297546387,11.260000228881836,45083100,ONDS
2025-10-09,11.140000343322754,11.390000343322754,10.375,10.489999771118164,43374900,ONDS
2025-10-10,10.479999542236328,10.510000228881836,9.1899995803833,9.220000267028809,61337500,ONDS
2025-10-13,10.029999732971191,11.21500015258789,9.682999610900879,10.8100004196167,51913400,ONDS
2025-10-14,10.380000114440918,10.5600004196167,9.880000114440918,10.40999984741211,36075200,ONDS
2025-10-15,10.824999809265137,10.869999885559082,9.15999984741211,9.510000228881836,49685800,ONDS
2025-10-16,9.630000114440918,9.630000114440918,7.920000076293945,8.199999809265137,70659400,ONDS
2025-10-17,7.949999809265137,8.15999984741211,7.554999828338623,7.610000133514404,43053500,ONDS
2025-10-20,8.0600004196167,8.1899995803833,7.329999923706055,7.769999980926514,37824000,ONDS
2025-10-21,7.679999828338623,7.909999847412109,7.125,7.190000057220459,30813700,ONDS
2025-10-22,6.849999904632568,7.260000228881836,6.465000152587891,6.739999771118164,53446000,ONDS
2025-10-23,6.849999904632568,7.300000190734863,6.650000095367432,7.059999942779541,36302900,ONDS
2025-10-24,7.670000076293945,8.170000076293945,7.40500020980835,7.460000038146973,51306800,ONDS
2025-10-27,8.1850004196167,8.3149995803833,7.519999980926514,7.53000020980835,48346900,ONDS
2025-10-28,7.519999980926514,7.639999866485596,6.659999847412109,6.789999961853027,44052800,ONDS
2025-01-02,5.25,5.699999809265137,5.230000019073486,5.679999828338623,7303100,UUUU
2025-01-03,5.699999809265137,5.769999980926514,5.460000038146973,5.739999771118164,4968200,UUUU
2025-01-06,5.949999809265137,6.050000190734863,5.800000190734863,5.829999923706055,5145600,UUUU
2025-01-07,5.860000133514404,5.929999828338623,5.440000057220459,5.449999809265137,4806700,UUUU
2025-01-08,5.420000076293945,5.440000057220459,5.210000038146973,5.400000095367432,4526500,UUUU
2025-01-10,5.400000095367432,5.449999809265137,5.260000228881836,5.28000020980835,4384400,UUUU
2025-01-13,5.210000038146973,5.400000095367432,5.119999885559082,5.239999771118164,4700800,UUUU
2025-01-14,5.309999942779541,5.329999923706055,5.119999885559082,5.150000095367432,4789200,UUUU
2025-01-15,5.239999771118164,5.320000171661377,5.150000095367432,5.170000076293945,4563400,UUUU
2025-01-16,5.139999866485596,5.190000057220459,4.96999979019165,5.070000171661377,5385300,UUUU
2025-01-17,5.079999923706055,5.269999980926514,4.989999771118164,5.210000038146973,5194600,UUUU
2025-01-21,5.289999961853027,5.599999904632568,5.28000020980835,5.579999923706055,6612200,UUUU
2025-01-22,5.679999828338623,5.920000076293945,5.5,5.829999923706055,7518100,UUUU
2025-01-23,5.739999771118164,5.929999828338623,5.610000133514404,5.880000114440918,6334200,UUUU
2025-01-24,5.900000095367432,5.949999809265137,5.650000095367432,5.710000038146973,5864400,UUUU
2025-01-27,5.440000057220459,5.440000057220459,5.070000171661377,5.170000076293945,7094900,UUUU
2025-01-28,5.269999980926514,5.320000171661377,5.099999904632568,5.269999980926514,3928800,UUUU
2025-01-29,5.269999980926514,5.659999847412109,5.260000228881836,5.559999942779541,7112300,UUUU
2025-01-30,5.590000152587891,5.769999980926514,5.489999771118164,5.539999961853027,7346200,UUUU
2025-01-31,5.539999961853027,5.590000152587891,5.289999961853027,5.309999942779541,7216000,UUUU
2025-02-03,5.199999809265137,5.550000190734863,5.159999847412109,5.25,8894100,UUUU
2025-02-04,5.449999809265137,5.5,5.269999980926514,5.409999847412109,7453200,UUUU
2025-02-05,5.389999866485596,5.449999809265137,5.260000228881836,5.329999923706055,7055600,UUUU
2025-02-06,5.300000190734863,5.369999885559082,5.019999980926514,5.070000171661377,10117600,UUUU
2025-02-07,5.119999885559082,5.28000020980835,5.079999923706055,5.190000057220459,7569000,UUUU
2025-02-10,5.260000228881836,5.369999885559082,5.050000190734863,5.070000171661377,6709900,UUUU
2025-02-11,5.199999809265137,5.210000038146973,4.960000038146973,4.980000019073486,6577800,UUUU
2025-02-12,4.940000057220459,5.110000133514404,4.869999885559082,5.03000020980835,7945100,UUUU
2025-02-13,5.039999961853027,5.050000190734863,4.889999866485596,5.03000020980835,8508900,UUUU
2025-02-14,4.96999979019165,5.0,4.739999771118164,4.800000190734863,10618600,UUUU
2025-02-18,4.78000020980835,4.980000019073486,4.71999979019165,4.940000057220459,8835700,UUUU
2025-02-19,4.900000095367432,4.900000095367432,4.78000020980835,4.869999885559082,6511600,UUUU
2025-02-20,4.869999885559082,5.070000171661377,4.860000133514404,4.869999885559082,7927900,UUUU
2025-02-21,4.909999847412109,4.909999847412109,4.570000171661377,4.639999866485596,9810700,UUUU
2025-02-24,4.679999828338623,4.690000057220459,4.519999980926514,4.559999942779541,12817100,UUUU
2025-02-25,4.53000020980835,4.550000190734863,4.289999961853027,4.360000133514404,16789000,UUUU
2025-02-26,4.449999809265137,4.610000133514404,4.409999847412109,4.440000057220459,15825400,UUUU
2025-02-27,4.449999809265137,4.539999961853027,3.990000009536743,4.019999980926514,20141300,UUUU
2025-02-28,4.110000133514404,4.46999979019165,3.9700000286102295,4.119999885559082,15406000,UUUU
2025-03-03,4.150000095367432,4.190000057220459,3.7799999713897705,3.799999952316284,14700000,UUUU
2025-03-04,3.799999952316284,4.199999809265137,3.740000009536743,4.039999961853027,17594300,UUUU
2025-03-05,4.079999923706055,4.199999809265137,4.010000228881836,4.159999847412109,12266800,UUUU
2025-03-06,4.050000190734863,4.28000020980835,4.050000190734863,4.190000057220459,7764400,UUUU
2025-03-07,4.110000133514404,4.159999847412109,4.010000228881836,4.070000171661377,5604500,UUUU
2025-03-10,4.0,4.099999904632568,3.880000114440918,3.9600000381469727,6394700,UUUU
2025-03-11,3.9800000190734863,4.230000019073486,3.950000047683716,4.159999847412109,6824800,UUUU
2025-03-12,4.239999771118164,4.340000152587891,4.130000114440918,4.159999847412109,6346900,UUUU
2025-03-13,4.130000114440918,4.21999979019165,4.079999923706055,4.179999828338623,5222300,UUUU
2025-03-14,4.239999771118164,4.269999980926514,4.110000133514404,4.130000114440918,3980300,UUUU
2025-03-17,4.199999809265137,4.400000095367432,4.190000057220459,4.349999904632568,5771100,UUUU
2025-03-18,4.300000190734863,4.309999942779541,4.130000114440918,4.25,8014600,UUUU
2025-03-19,4.25,4.329999923706055,4.199999809265137,4.28000020980835,5240100,UUUU
2025-03-20,4.21999979019165,4.420000076293945,4.190000057220459,4.349999904632568,7547800,UUUU
2025-03-21,4.300000190734863,4.380000114440918,4.21999979019165,4.360000133514404,8859400,UUUU
2025-03-24,4.440000057220459,4.449999809265137,4.269999980926514,4.289999961853027,5767400,UUUU
2025-03-25,4.289999961853027,4.320000171661377,4.130000114440918,4.179999828338623,5730400,UUUU
2025-03-26,4.190000057220459,4.230000019073486,4.110000133514404,4.130000114440918,6340200,UUUU
2025-03-27,4.21999979019165,4.21999979019165,4.019999980926514,4.019999980926514,5552800,UUUU
2025-03-28,4.0,4.039999961853027,3.75,3.75,5674000,UUUU
2025-03-31,3.700000047683716,3.7799999713897705,3.549999952316284,3.7300000190734863,11389200,UUUU
2025-04-01,3.7300000190734863,3.759999990463257,3.5999999046325684,3.6700000762939453,4780200,UUUU
2025-04-02,3.630000114440918,3.7899999618530273,3.5799999237060547,3.7699999809265137,3852200,UUUU
2025-04-03,3.559999942779541,3.740000009536743,3.5,3.630000114440918,5110900,UUUU
2025-04-04,3.5299999713897705,3.549999952316284,3.2899999618530273,3.450000047683716,8793200,UUUU
2025-04-07,3.2100000381469727,3.630000114440918,3.200000047683716,3.450000047683716,10159600,UUUU
2025-04-08,3.5899999141693115,3.6500000953674316,3.359999895095825,3.440000057220459,8770000,UUUU
2025-04-09,3.4100000858306885,3.869999885559082,3.369999885559082,3.809999942779541,10685800,UUUU
2025-04-10,3.640000104904175,3.819999933242798,3.640000104904175,3.7899999618530273,6303200,UUUU
2025-04-11,3.7899999618530273,4.170000076293945,3.7899999618530273,4.110000133514404,8112800,UUUU
2025-04-14,4.300000190734863,4.360000133514404,4.139999866485596,4.25,9743500,UUUU
2025-04-15,4.320000171661377,4.389999866485596,4.059999942779541,4.130000114440918,5507600,UUUU
2025-04-16,4.139999866485596,4.670000076293945,4.139999866485596,4.429999828338623,13294900,UUUU
2025-04-17,4.909999847412109,5.119999885559082,4.619999885559082,4.949999809265137,21033100,UUUU
2025-04-21,5.079999923706055,5.099999904632568,4.360000133514404,4.489999771118164,11300200,UUUU
2025-04-22,4.579999923706055,4.650000095367432,4.309999942779541,4.349999904632568,8045200,UUUU
2025-04-23,4.449999809265137,4.550000190734863,4.389999866485596,4.480000019073486,8465400,UUUU
2025-04-24,4.510000228881836,4.829999923706055,4.510000228881836,4.809999942779541,8927400,UUUU
2025-04-25,4.75,4.769999980926514,4.5,4.510000228881836,7442600,UUUU
2025-04-28,4.519999980926514,4.630000114440918,4.409999847412109,4.610000133514404,6228400,UUUU
2025-04-29,4.590000152587891,4.619999885559082,4.440000057220459,4.449999809265137,4414000,UUUU
2025-04-30,4.349999904632568,4.619999885559082,4.260000228881836,4.519999980926514,6702100,UUUU
2025-05-01,4.579999923706055,4.760000228881836,4.429999828338623,4.550000190734863,8477200,UUUU
2025-05-02,4.610000133514404,4.849999904632568,4.559999942779541,4.630000114440918,10642900,UUUU
2025-05-05,4.650000095367432,4.650000095367432,4.369999885559082,4.53000020980835,6856200,UUUU
2025-05-06,4.46999979019165,4.650000095367432,4.349999904632568,4.610000133514404,10530600,UUUU
2025-05-07,4.579999923706055,4.829999923706055,4.53000020980835,4.75,10520100,UUUU
2025-05-08,4.800000190734863,4.900000095367432,4.619999885559082,4.760000228881836,9232700,UUUU
2025-05-09,4.869999885559082,4.869999885559082,4.599999904632568,4.760000228881836,11485600,UUUU
2025-05-12,4.800000190734863,4.900000095367432,4.639999866485596,4.659999847412109,6206400,UUUU
2025-05-13,4.699999809265137,4.699999809265137,4.519999980926514,4.519999980926514,6277200,UUUU
2025-05-14,4.519999980926514,4.650000095367432,4.460000038146973,4.570000171661377,8789200,UUUU
2025-05-15,4.489999771118164,4.53000020980835,4.409999847412109,4.460000038146973,5566900,UUUU
2025-05-16,4.420000076293945,4.460000038146973,4.309999942779541,4.369999885559082,7796600,UUUU
2025-05-19,4.320000171661377,4.360000133514404,4.199999809265137,4.349999904632568,3861200,UUUU
2025-05-20,4.329999923706055,4.409999847412109,4.239999771118164,4.400000095367432,4346500,UUUU
2025-05-21,4.400000095367432,4.630000114440918,4.389999866485596,4.480000019073486,6978400,UUUU
2025-05-22,4.480000019073486,4.539999961853027,4.360000133514404,4.5,7968600,UUUU
2025-05-23,5.0,5.440000057220459,4.739999771118164,5.400000095367432,33177800,UUUU
2025-05-27,5.590000152587891,5.599999904632568,5.349999904632568,5.449999809265137,17072000,UUUU
2025-05-28,5.400000095367432,5.550000190734863,5.289999961853027,5.320000171661377,10053200,UUUU
2025-05-29,5.269999980926514,5.320000171661377,5.0,5.03000020980835,10239100,UUUU
2025-05-30,4.980000019073486,4.980000019073486,4.849999904632568,4.889999866485596,8620900,UUUU
2025-06-02,4.949999809265137,5.0,4.820000171661377,4.869999885559082,6032200,UUUU
2025-06-03,5.28000020980835,5.739999771118164,5.139999866485596,5.579999923706055,20614000,UUUU
2025-06-04,5.610000133514404,5.820000171661377,5.429999828338623,5.71999979019165,12928000,UUUU
2025-06-05,5.739999771118164,5.760000228881836,5.380000114440918,5.579999923706055,10426600,UUUU
2025-06-06,5.670000076293945,5.670000076293945,5.28000020980835,5.46999979019165,11024200,UUUU
2025-06-09,5.559999942779541,5.900000095367432,5.519999980926514,5.650000095367432,14323600,UUUU
2025-06-10,5.699999809265137,5.699999809265137,5.300000190734863,5.360000133514404,10105500,UUUU
2025-06-11,5.400000095367432,5.670000076293945,5.329999923706055,5.409999847412109,13301100,UUUU
2025-06-12,5.369999885559082,5.429999828338623,5.289999961853027,5.369999885559082,10788600,UUUU
2025-06-13,5.579999923706055,5.889999866485596,5.239999771118164,5.619999885559082,16678300,UUUU
2025-06-16,5.900000095367432,6.239999771118164,5.690000057220459,5.800000190734863,20240000,UUUU
2025-06-17,5.860000133514404,5.909999847412109,5.650000095367432,5.880000114440918,9868500,UUUU
2025-06-18,5.840000152587891,6.079999923706055,5.659999847412109,5.769999980926514,10790900,UUUU
2025-06-20,5.730000019073486,5.820000171661377,5.389999866485596,5.409999847412109,12796500,UUUU
2025-06-23,5.400000095367432,5.599999904632568,5.329999923706055,5.480000019073486,9039100,UUUU
2025-06-24,5.489999771118164,5.739999771118164,5.409999847412109,5.650000095367432,8859000,UUUU
2025-06-25,5.699999809265137,5.820000171661377,5.53000020980835,5.610000133514404,7874200,UUUU
2025-06-26,5.619999885559082,5.980000019073486,5.599999904632568,5.900000095367432,12029800,UUUU
2025-06-27,5.900000095367432,5.989999771118164,5.449999809265137,5.550000190734863,14397800,UUUU
2025-06-30,5.550000190734863,5.800000190734863,5.449999809265137,5.75,9009900,UUUU
2025-07-01,5.809999942779541,5.820000171661377,5.590000152587891,5.75,5549700,UUUU
2025-07-02,5.849999904632568,6.380000114440918,5.760000228881836,6.260000228881836,16648800,UUUU
2025-07-03,6.239999771118164,6.25,6.050000190734863,6.170000076293945,5643400,UUUU
2025-07-07,6.010000228881836,6.170000076293945,5.789999961853027,6.159999847412109,7874200,UUUU
2025-07-08,6.150000095367432,6.170000076293945,5.78000020980835,5.829999923706055,7519100,UUUU
2025-07-09,5.849999904632568,5.880000114440918,5.570000171661377,5.590000152587891,6963300,UUUU
2025-07-10,6.050000190734863,6.699999809265137,6.0,6.510000228881836,31998600,UUUU
2025-07-11,6.340000152587891,6.679999828338623,6.130000114440918,6.599999904632568,15683100,UUUU
2025-07-14,6.599999904632568,7.019999980926514,6.429999828338623,7.010000228881836,15514400,UUUU
2025-07-15,7.099999904632568,7.800000190734863,6.869999885559082,7.760000228881836,23846200,UUUU
2025-07-16,7.840000152587891,8.289999961853027,7.559999942779541,8.239999771118164,22986800,UUUU
2025-07-17,8.199999809265137,9.369999885559082,8.140000343322754,9.15999984741211,28973000,UUUU
2025-07-18,9.050000190734863,9.520000457763672,8.850000381469727,9.359999656677246,19718200,UUUU
2025-07-21,9.449999809265137,9.479999542236328,8.930000305175781,9.210000038146973,14244300,UUUU
2025-07-22,8.720000267028809,9.279999732971191,8.619999885559082,9.199999809265137,11890000,UUUU
2025-07-23,9.25,9.619999885559082,9.140000343322754,9.479999542236328,9898600,UUUU
2025-07-24,9.399999618530273,10.029999732971191,9.350000381469727,9.960000038146973,12629100,UUUU
2025-07-25,10.0,10.039999961853027,9.460000038146973,10.010000228881836,12237700,UUUU
2025-07-28,10.300000190734863,10.40999984741211,9.880000114440918,10.039999961853027,13228300,UUUU
2025-07-29,10.039999961853027,10.09000015258789,9.279999732971191,9.470000267028809,10998600,UUUU
2025-07-30,9.199999809265137,9.489999771118164,8.949999809265137,9.109999656677246,10450000,UUUU
2025-07-31,8.899999618530273,9.369999885559082,8.670000076293945,9.09000015258789,15672100,UUUU
2025-08-01,8.680000305175781,8.90999984741211,8.229999542236328,8.850000381469727,14065800,UUUU
2025-08-04,8.890000343322754,9.770000457763672,8.800000190734863,9.720000267028809,8118500,UUUU
2025-08-05,9.800000190734863,10.020000457763672,9.550000190734863,9.920000076293945,10609000,UUUU
2025-08-06,10.039999961853027,10.180000305175781,9.609999656677246,9.680000305175781,11459800,UUUU
2025-08-07,9.380000114440918,9.960000038146973,9.029999732971191,9.600000381469727,11193400,UUUU
2025-08-08,9.75,10.739999771118164,9.539999961853027,9.550000190734863,15075000,UUUU
2025-08-11,9.5,10.050000190734863,9.180000305175781,9.609999656677246,8844500,UUUU
2025-08-12,9.600000381469727,9.869999885559082,9.489999771118164,9.59000015258789,7073400,UUUU
2025-08-13,9.789999961853027,10.149999618530273,9.1899995803833,9.510000228881836,11304200,UUUU
2025-08-14,9.420000076293945,10.09000015258789,9.380000114440918,9.789999961853027,10826800,UUUU
2025-08-15,9.800000190734863,9.899999618530273,9.329999923706055,9.789999961853027,7938800,UUUU
2025-08-18,9.84000015258789,10.329999923706055,9.479999542236328,10.319999694824219,11837300,UUUU
2025-08-19,10.449999809265137,10.479999542236328,8.15999984741211,8.470000267028809,33697500,UUUU
2025-08-20,8.430000305175781,8.619999885559082,8.229999542236328,8.529999732971191,9675100,UUUU
2025-08-21,8.720000267028809,9.40999984741211,8.649999618530273,9.399999618530273,16004500,UUUU
2025-08-22,9.65999984741211,10.649999618530273,9.470000267028809,10.579999923706055,22548600,UUUU
2025-08-25,10.75,11.1899995803833,10.529999732971191,10.930000305175781,18559900,UUUU
2025-08-26,11.539999961853027,13.34000015258789,11.420000076293945,12.3100004196167,37077800,UUUU
2025-08-27,12.079999923706055,12.25,11.260000228881836,11.399999618530273,16542400,UUUU
2025-08-28,11.609999656677246,12.09000015258789,11.289999961853027,11.680000305175781,11837800,UUUU
2025-08-29,12.239999771118164,12.5,11.289999961853027,11.5600004196167,14569000,UUUU
2025-09-02,11.0,11.369999885559082,10.649999618530273,11.359999656677246,9573500,UUUU
2025-09-03,11.329999923706055,11.600000381469727,11.119999885559082,11.4399995803833,8304100,UUUU
2025-09-04,11.3100004196167,11.579999923706055,10.970000267028809,11.229999542236328,6637400,UUUU
2025-09-05,11.229999542236328,11.569999694824219,10.9399995803833,11.5600004196167,8085700,UUUU
2025-09-08,11.619999885559082,11.960000038146973,11.25,11.899999618530273,10099100,UUUU
2025-09-09,12.399999618530273,13.460000038146973,11.970000267028809,13.079999923706055,24499200,UUUU
2025-09-10,13.079999923706055,13.25,12.520000457763672,12.630000114440918,13070400,UUUU
2025-09-11,12.510000228881836,12.869999885559082,12.319999694824219,12.529999732971191,7367200,UUUU
2025-09-12,12.5,12.520000457763672,11.819999694824219,11.930000305175781,8385500,UUUU
2025-09-15,11.9399995803833,14.119999885559082,11.859999656677246,13.819999694824219,19534700,UUUU
2025-09-16,14.229999542236328,14.40999984741211,13.1899995803833,13.40999984741211,13494300,UUUU
2025-09-17,13.75,14.149999618530273,13.479999542236328,14.079999923706055,12394100,UUUU
2025-09-18,14.350000381469727,14.380000114440918,13.630000114440918,14.100000381469727,13275700,UUUU
2025-09-19,14.100000381469727,15.289999961853027,14.010000228881836,14.859999656677246,20708600,UUUU
2025-09-22,15.0,15.710000038146973,14.260000228881836,15.569999694824219,14015900,UUUU
2025-09-23,15.800000190734863,16.770000457763672,15.350000381469727,16.670000076293945,17562900,UUUU
2025-09-24,17.329999923706055,18.600000381469727,16.770000457763672,16.8700008392334,32472500,UUUU
2025-09-25,15.119999885559082,17.670000076293945,15.109999656677246,17.260000228881836,28144000,UUUU
2025-09-26,17.510000228881836,18.780000686645508,16.450000762939453,16.709999084472656,18859100,UUUU
2025-09-29,17.270000457763672,17.5,16.079999923706055,16.520000457763672,12066500,UUUU
2025-09-30,15.130000114440918,16.389999389648438,14.84000015258789,15.350000381469727,40546200,UUUU
2025-10-01,15.0,15.800000190734863,14.9399995803833,15.710000038146973,33608400,UUUU
2025-10-02,16.0,17.0,15.539999961853027,16.81999969482422,22460600,UUUU
2025-10-03,17.059999465942383,17.850000381469727,16.030000686645508,16.520000457763672,24417200,UUUU
2025-10-06,17.350000381469727,18.049999237060547,16.850000381469727,16.90999984741211,22609000,UUUU
2025-10-07,17.489999771118164,19.010000228881836,16.889999389648438,17.59000015258789,26358100,UUUU
2025-10-08,18.0,19.260000228881836,17.40999984741211,18.0,26409000,UUUU
2025-10-09,19.0,20.510000228881836,18.510000228881836,19.700000762939453,36665000,UUUU
2025-10-10,21.239999771118164,22.3700008392334,20.200000762939453,20.34000015258789,46707900,UUUU
2025-10-13,24.34000015258789,25.690000534057617,22.709999084472656,23.770000457763672,43240500,UUUU
2025-10-14,26.079999923706055,26.8799991607666,21.899999618530273,26.229999542236328,60650500,UUUU
2025-10-15,26.65999984741211,27.329999923706055,23.0,24.989999771118164,58895100,UUUU
2025-10-16,24.920000076293945,26.030000686645508,21.440000534057617,21.690000534057617,47665600,UUUU
2025-10-17,19.510000228881836,21.670000076293945,19.209999084472656,21.059999465942383,29809200,UUUU
2025-10-20,22.329999923706055,23.139999389648438,20.780000686645508,22.579999923706055,27531500,UUUU
2025-10-21,22.489999771118164,22.489999771118164,20.3700008392334,20.6299991607666,20916100,UUUU
2025-10-22,18.889999389648438,22.950000762939453,18.760000228881836,22.739999771118164,40408500,UUUU
2025-10-23,23.18000030517578,23.40999984741211,20.739999771118164,21.260000228881836,33461900,UUUU
2025-10-24,21.760000228881836,22.850000381469727,20.290000915527344,21.3700008392334,34006200,UUUU
2025-10-27,20.100000381469727,20.260000228881836,17.780000686645508,19.100000381469727,40668200,UUUU
2025-10-28,19.709999084472656,20.950000762939453,19.209999084472656,20.030000686645508,23076100,UUUU
